originLat,originLong,destinationLat,destinationLong
1,1,35,59.5451965
36.337115,59.530621,36.337005,59.530021
37.3177579,58.5323219,